commntydst,comp2010ap,comp2010,comp2011,comp2012,comp2013,comp2014,comp2015,comp2016,comp2017,comp2018,comp2019,comp2020,comp2021,comp2022,comp2023,comp2024,cenunits20,filed,approved,permitted,withdrawn,inactive,Shape_Area,Shape_Length
101,246,455,"1,598",503,438,-11,850,"1,174","1,257","1,166",431,382,840,27,596,870,"41,977","3,608",33,"5,347",653,951,"41,697,039.3247","69,433.3951672"
102,327,231,-27,-94,-37,-10,212,466,108,111,279,342,245,186,9,10,"58,418",612,-42,523,241,300,"37,724,014.6449","35,009.7167971"
103,311,596,122,70,170,422,56,290,656,"1,432",449,315,181,386,539,291,"82,589","1,897",100,"1,368",483,869,"46,878,836.5547","30,505.6996868"
104,277,"1,877","1,987",298,"2,496",731,"1,652","1,706","2,110","2,169",701,287,472,"2,254",382,"1,364","84,357","2,420",489,"1,120",329,"2,094","49,309,977.2306","67,545.6169564"
105,235,527,320,-13,153,277,535,543,731,"1,077",567,272,237,472,558,280,"42,323","4,586",172,"1,877","3,309","1,512","43,790,039.7676","35,288.334286"
106,-17,104,142,-119,-86,284,162,"1,275",575,704,703,-12,344,709,254,236,"99,371","2,266",960,"2,577",985,372,"38,730,043.216","42,833.689286"
107,-17,"1,219",48,361,62,249,303,837,316,245,"1,305",2,282,129,116,239,"126,397",227,-51,211,972,156,"53,152,657.7889","39,863.2748644"
108,337,263,125,-70,-118,-362,135,221,240,3,-11,328,159,20,-43,681,"138,922",297,-86,911,-229,105,"55,215,032.0876","53,753.3506745"
109,287,87,97,27,9,165,-20,580,16,2,263,275,103,10,503,210,"44,900",46,211,274,448,344,"41,894,977.3028","34,959.0732909"
110,647,575,628,85,67,335,22,316,107,100,298,712,559,101,519,258,"61,629",426,327,466,139,632,"39,073,776.9725","35,890.2517383"
111,786,983,609,497,270,622,265,96,512,316,323,800,503,530,521,476,"54,738",785,49,"1,809","1,789","1,572","66,160,839.2963","59,541.767352"
112,12,32,129,-37,10,74,76,61,41,121,114,12,19,90,172,764,"74,722",685,93,250,219,"1,005","77,963,565.8563","54,703.6723606"
164,0,0,0,0,0,0,0,0,0,0,0,0,0,0,0,0,5,0,0,0,0,0,"38,312,378.5831","32,721.097627"
201,792,571,877,476,14,284,319,275,298,"1,094",525,812,"1,005","1,212","2,921",799,"36,896","1,420",557,"2,777",997,228,"60,399,803.2952","33,341.8760694"
202,446,220,305,17,115,-1,0,107,78,78,400,529,280,422,125,226,"19,240",320,154,"1,023",97,430,"61,808,976.0651","48,501.8416345"
203,342,"1,294",715,207,599,276,418,658,612,460,863,744,289,538,763,440,"34,360","1,374",397,"1,525",818,102,"44,797,246.2174","33,499.6120026"
204,250,453,39,139,49,283,85,129,351,538,283,250,523,446,"2,226",630,"54,022","1,676",323,"2,607",499,277,"55,522,142.9767","31,358.4545105"
205,306,297,200,152,-9,298,203,7,216,187,171,328,148,827,940,"1,546","45,814","1,157",575,"2,133","1,526",442,"38,316,983.6437","29,443.047366"
206,588,224,375,145,10,195,397,179,274,"1,125",818,584,349,467,814,937,"32,821","1,380",279,"1,441","1,151",560,"42,662,438.7554","35,875.1740496"
207,257,478,57,209,149,136,187,194,235,702,200,491,521,360,962,"1,490","53,180","2,586",298,"1,296","1,126",188,"53,307,889.6368","44,800.8494088"
208,45,27,26,251,70,1,-67,208,126,92,167,49,106,296,197,548,"45,144",376,88,"1,114",420,191,"92,076,275.5025","47,810.4841413"
209,199,199,133,48,78,30,319,250,137,47,549,380,634,87,642,269,"68,576",455,255,"1,439","1,184",272,"114,286,070.392","62,242.078477"
210,8,120,220,24,96,20,255,45,27,53,52,24,63,19,63,84,"54,738",249,51,358,152,319,"178,960,089.754","268,204.31241"
211,21,69,42,22,35,14,18,-6,198,31,62,43,57,139,146,238,"44,864",750,82,825,149,280,"100,314,479.466","45,751.5385169"
212,140,250,344,174,264,203,265,347,94,218,76,197,388,364,654,849,"60,856",783,110,"1,104",239,369,"154,906,287.571","84,115.7970354"
226,0,0,0,0,0,0,0,0,0,0,0,0,0,0,0,0,72,0,0,0,0,0,"50,565,041.6084","32,824.8378966"
227,0,0,0,0,0,0,0,0,0,0,0,0,0,0,0,0,23,0,0,0,0,0,"31,430,888.0329","28,402.4946381"
228,0,0,0,0,0,0,0,0,0,0,0,0,0,0,0,0,1,0,0,0,0,0,"92,963,915.5357","122,109.909742"
301,"1,057","3,044","1,351","1,199","1,877","1,425","1,628","1,719","2,454","2,563","2,063","1,644",746,"1,962","2,544","3,495","89,974","3,552",251,"3,970","3,524","2,156","131,695,537.942","69,237.8851852"
302,"1,427","1,080",846,526,640,"1,288","1,802","2,314","2,668","1,442","1,606","1,543","2,689","1,293","1,695","1,770","66,998","1,246",80,"4,174","1,747",444,"79,320,072.9229","73,413.3394305"
303,729,344,569,521,445,331,608,"1,068",923,"1,045","1,038",988,"1,108","1,195",709,948,"72,904",782,300,"1,384","1,656",901,"79,461,680.8632","36,213.6753954"
304,525,471,264,141,280,250,424,421,658,"1,696","1,327",716,496,503,560,758,"47,292",665,74,"1,255","1,192",949,"56,662,992.6022","37,006.8322959"
305,"1,128",412,380,324,222,32,462,406,559,113,528,"1,224","1,315",498,827,"1,869","72,381","1,688",442,"3,187",713,"1,208","155,487,817.609","65,095.8653115"
306,8,340,314,24,219,79,1,880,856,238,110,198,9,142,203,389,"53,365","1,351",586,"6,343",530,374,"85,501,531.2056","82,147.933279"
307,310,280,310,87,90,241,107,2,103,166,104,485,123,225,187,628,"45,683",128,67,860,563,537,"104,126,438.457","87,448.4431484"
308,211,203,217,454,113,429,188,736,747,553,378,334,702,157,"1,213",591,"49,525",857,322,770,988,"1,016","45,608,392.302","38,231.9523475"
309,174,36,29,213,221,37,54,837,423,382,267,408,682,63,371,384,"41,694","1,746",318,"1,407","1,213",649,"45,314,584.4092","29,933.933552"
310,37,28,14,39,1,15,49,17,24,16,31,40,16,196,21,52,"55,768",65,31,577,101,242,"111,344,060.121","44,781.5735296"
311,25,213,84,46,101,36,38,89,44,182,128,48,118,203,93,509,"71,074",192,51,141,332,143,"103,208,262.266","51,534.1486814"
312,476,229,207,33,56,54,80,98,136,102,265,500,264,27,126,157,"62,782",303,101,427,397,359,"99,524,807.4079","52,244.017288"
313,172,163,46,96,318,134,39,87,71,101,"1,250",172,702,243,25,860,"46,672",477,59,"1,081",162,492,"88,264,690.3446","65,789.3560939"
314,238,300,210,9,44,115,17,61,643,334,684,375,947,366,261,622,"62,254",162,82,643,565,216,"82,174,944.9294","49,296.784643"
315,128,100,98,42,78,22,73,57,445,202,110,240,228,27,151,123,"67,322",215,215,401,348,214,"131,648,743.474","115,425.633658"
316,302,302,280,225,179,105,46,290,560,231,117,340,873,700,426,533,"36,951",781,71,"1,996",545,364,"51,768,934.6164","32,977.6558879"
317,653,88,32,17,28,44,125,-21,187,398,958,708,748,773,706,467,"62,636",579,233,766,497,622,"93,819,526.8922","43,327.1433901"
318,6,54,48,66,2,33,4,203,11,41,30,5,32,5,42,103,"72,361",449,22,70,162,298,"235,673,195.197","186,796.104838"
355,0,0,0,0,0,0,0,0,0,0,0,0,0,0,0,0,7,0,0,0,0,0,"26,138,866.4793","23,962.5207022"
356,0,0,0,0,0,0,0,0,0,0,0,0,0,0,0,0,11,0,0,0,0,0,"130,170,228.002","255,181.32666"
401,109,896,495,328,564,541,620,809,"1,067","1,654",939,294,"1,851","1,558",918,"1,958","90,547","3,658","1,770","3,184","4,584","2,880","171,444,172.882","91,024.7887545"
402,234,291,302,796,"2,138","1,035",959,"1,286","2,823","2,455","1,121",317,"3,686","1,549",983,"2,485","60,766","1,422",51,"2,254","1,661","1,583","140,010,109.074","72,490.0368545"
403,36,235,193,167,175,90,50,79,64,78,197,74,171,141,298,65,"59,119",69,209,358,304,561,"83,474,642.3679","41,712.7776565"
404,198,304,225,239,86,110,209,129,118,225,321,232,325,152,139,147,"57,748",851,169,470,484,716,"65,739,644.1219","37,018.4282406"
405,156,216,78,76,49,24,85,94,179,129,224,147,113,206,183,69,"69,416",641,46,188,257,745,"210,394,899.743","70,020.3823793"
406,0,88,67,84,42,58,441,28,95,181,35,-1,117,496,269,279,"56,695",725,36,627,"1,448",232,"82,703,146.2538","42,767.6463748"
407,274,473,415,324,397,370,151,380,218,291,"1,228",314,363,463,570,846,"102,836",790,598,"2,816","1,477","2,126","328,283,930.189","145,357.351384"
408,109,181,325,85,97,22,63,84,89,159,178,120,400,106,137,185,"59,385","1,259",55,247,174,278,"207,556,234.061","70,108.4494421"
409,44,55,155,111,229,30,20,196,18,30,16,62,56,26,159,241,"50,877",269,103,309,190,545,"107,378,544.181","50,771.8331136"
410,29,60,77,21,132,47,55,35,11,30,48,31,10,60,48,65,"43,252",236,79,175,190,339,"172,077,375.247","105,822.377357"
411,31,123,135,48,79,80,35,18,51,43,70,73,51,48,117,85,"47,357",93,25,339,179,176,"260,361,392.59","103,435.424162"
412,921,721,241,167,119,331,156,153,111,867,856,943,990,"1,275",544,"1,501","84,092","2,026",213,"1,822","1,141","1,703","267,334,172.597","65,920.1772093"
413,45,107,70,73,66,68,52,37,48,53,61,65,49,44,58,71,"66,259",656,42,388,184,478,"350,471,221.651","140,570.311262"
414,121,193,158,138,75,102,184,99,242,461,307,148,350,"1,348",596,636,"47,975","1,259",643,"1,912",851,782,"195,575,764.237","210,910.191895"
480,0,0,0,0,0,0,0,0,0,0,0,0,0,0,0,0,0,0,0,0,0,0,"32,777,561.3452","47,338.7397953"
481,0,0,0,0,0,0,0,0,0,0,0,0,0,0,0,0,2,0,0,0,1,0,"47,567,353.4436","53,811.4157205"
482,0,0,0,0,0,0,0,0,0,0,0,0,0,0,0,0,1,0,0,0,0,0,"24,256,979.5611","31,981.594873"
483,0,0,0,0,0,0,0,0,0,0,0,0,0,0,0,0,2,0,0,0,0,0,"191,997,999.392","106,865.598365"
484,0,0,0,0,0,0,0,0,0,0,0,0,0,0,0,0,5,0,0,0,0,0,"120,185,011.53","227,190.383588"
501,44,355,222,173,186,90,-170,772,195,63,181,87,130,94,106,526,"69,066",986,"1,047",415,730,"1,456","377,232,250.138","153,750.872939"
502,73,115,102,126,17,114,143,113,77,368,147,106,100,70,86,83,"51,599",99,52,293,134,604,"591,512,722.524","142,726.041717"
503,147,272,239,215,272,159,141,193,210,255,218,213,223,186,240,208,"62,782",411,129,372,144,614,"600,344,664.665","188,997.37554"
595,0,0,0,-32,0,0,0,0,0,0,0,0,0,0,0,0,245,0,0,0,0,-2,"54,528,719.7992","109,747.114197"
